Trial,Track Layout,Vehicle,ID,Speed,Lane,Battery Level,Average Velocity
1,oval,GROUNDSHOCK,1370906631,511,1,3794,59.71983174816061
1,oval,GROUNDSHOCK,726831624,496,3,0,60.22431809596484
2,oval,GROUNDSHOCK,726831624,503,3,3579,60.07458524917141
2,oval,GROUNDSHOCK,1370906631,490,1,3790,60.17127216583263
3,oval,GROUNDSHOCK,726831624,492,3,3610,60.29113951071979
3,oval,GROUNDSHOCK,1370906631,514,1,0,59.40304772057921
4,oval,GROUNDSHOCK,1370906631,489,1,3797,59.37164914013488
4,oval,GROUNDSHOCK,726831624,494,3,3573,59.884879053984
5,oval,GROUNDSHOCK,1370906631,501,1,3782,59.67040937746528
5,oval,GROUNDSHOCK,726831624,503,3,3571,60.301164005754586
6,oval,GROUNDSHOCK,1370906631,470,1,3780,59.68722103099875
6,oval,GROUNDSHOCK,726831624,489,3,0,60.06248004346257
7,oval,GROUNDSHOCK,726831624,490,3,3565,60.32981667127568
7,oval,GROUNDSHOCK,1370906631,484,1,0,59.538193810953
8,oval,GROUNDSHOCK,1370906631,496,1,3779,59.682937944130586
8,oval,GROUNDSHOCK,726831624,499,3,3560,60.25282434371037
9,oval,GROUNDSHOCK,726831624,499,3,3554,60.13380093013209
9,oval,GROUNDSHOCK,1370906631,509,1,3814,59.31727056792779
10,oval,GROUNDSHOCK,1370906631,497,1,3773,59.395238295537624
10,oval,GROUNDSHOCK,726831624,509,3,0,60.32305025193756
11,oval,GROUNDSHOCK,1370906631,500,1,3795,59.66006539328721
11,oval,GROUNDSHOCK,726831624,492,3,0,59.93124955975386
12,oval,GROUNDSHOCK,1370906631,475,1,3781,59.593362019358594
12,oval,GROUNDSHOCK,726831624,501,3,3546,60.06485993908361
13,oval,GROUNDSHOCK,1370906631,493,1,3769,59.51785287072023
13,oval,GROUNDSHOCK,726831624,506,3,3566,60.00332464447594
14,oval,GROUNDSHOCK,726831624,508,3,3536,60.32664764298546
14,oval,GROUNDSHOCK,1370906631,494,1,0,59.451490072077334
15,oval,GROUNDSHOCK,1370906631,471,1,3767,59.287814324887904
15,oval,GROUNDSHOCK,726831624,504,3,3535,60.28220030335317
16,oval,GROUNDSHOCK,726831624,508,3,3529,60.293370266272554
16,oval,GROUNDSHOCK,1370906631,490,1,3782,59.62220839690673
17,oval,GROUNDSHOCK,726831624,494,3,3528,60.18195225309097
17,oval,GROUNDSHOCK,1370906631,495,1,0,59.78868475081051
18,oval,GROUNDSHOCK,1370906631,492,1,3779,59.51929045376356
18,oval,GROUNDSHOCK,726831624,497,3,0,60.1935054227655
19,oval,GROUNDSHOCK,1370906631,492,1,3765,59.38120314905353
19,oval,GROUNDSHOCK,726831624,498,3,3524,60.072292563377985
20,oval,GROUNDSHOCK,1370906631,488,1,3763,59.88559080178396
20,oval,GROUNDSHOCK,726831624,510,3,3519,60.18887254979719
21,oval,GROUNDSHOCK,1370906631,492,1,3825,59.70223626398058
21,oval,GROUNDSHOCK,726831624,496,3,3513,59.95365034870241
22,oval,GROUNDSHOCK,1370906631,484,1,3777,59.44475148511342
22,oval,GROUNDSHOCK,726831624,505,3,3511,60.26965022116131
23,oval,GROUNDSHOCK,1370906631,503,1,3763,59.39021064976346
23,oval,GROUNDSHOCK,726831624,497,3,3505,60.34415240001091
24,oval,GROUNDSHOCK,1370906631,490,1,3750,59.463791480872956
24,oval,GROUNDSHOCK,726831624,510,3,0,60.34119927572275
25,oval,GROUNDSHOCK,1370906631,495,1,3752,59.56051166542527
25,oval,GROUNDSHOCK,726831624,499,3,0,60.268055596621956
26,oval,GROUNDSHOCK,1370906631,492,1,3750,59.63187311873362
26,oval,GROUNDSHOCK,726831624,502,3,3499,60.28244592228028
27,oval,GROUNDSHOCK,726831624,501,3,3495,60.087101938784215
27,oval,GROUNDSHOCK,1370906631,478,1,3748,59.37889879281194
28,oval,GROUNDSHOCK,1370906631,481,1,3746,59.31287884785826
28,oval,GROUNDSHOCK,726831624,497,3,0,60.10396612774014
29,oval,GROUNDSHOCK,1370906631,491,1,3744,59.5949343728213
29,oval,GROUNDSHOCK,726831624,495,3,0,60.050375674087604
30,oval,GROUNDSHOCK,1370906631,474,1,3743,59.56987281527482
30,oval,GROUNDSHOCK,726831624,495,3,3539,60.01492073930437
1,oval,MXT,-451518201,520,1,3857,60.06048002608263
1,oval,MXT,-1052728562,512,3,3816,60.1518077021603
2,oval,MXT,-451518201,499,1,3884,59.86913124151975
2,oval,MXT,-1052728562,500,3,3804,59.91485384783008
3,oval,MXT,-451518201,491,1,3836,59.822584180179504
3,oval,MXT,-1052728562,496,3,0,59.71931608816506
4,oval,MXT,-451518201,494,1,3829,59.90425811368931
4,oval,MXT,-1052728562,470,0,0,53.451881009237205
5,oval,MXT,-1052728562,475,0,3810,54.14480754565837
5,oval,MXT,-451518201,503,1,3830,60.03106672036987
6,oval,MXT,-1052728562,499,3,3806,59.909006632412726
6,oval,MXT,-451518201,509,1,3827,57.36843991035202
7,oval,MXT,-451518201,489,0,3830,53.258011636858384
7,oval,MXT,-1052728562,518,3,3787,59.91784718901963
8,oval,MXT,-451518201,499,0,3847,54.29257807457816
8,oval,MXT,-1052728562,478,3,3784,59.92422326939222
9,oval,MXT,-1052728562,507,3,3802,59.89100374160385
9,oval,MXT,-451518201,487,1,3818,59.965091728466824
10,oval,MXT,-451518201,478,1,3811,60.13174888730309
10,oval,MXT,-1052728562,521,3,3781,60.18711611415283
11,oval,MXT,-1052728562,486,3,3777,59.94507472232416
11,oval,MXT,-451518201,496,0,3817,53.33834309043684
12,oval,MXT,-451518201,481,1,3804,59.938113769568986
12,oval,MXT,-1052728562,468,0,3777,53.13693925655639
13,oval,MXT,-1052728562,486,3,3773,59.95294168443017
13,oval,MXT,-451518201,481,0,3807,53.148588484675784
14,oval,MXT,-451518201,488,0,3800,53.82496307140851
14,oval,MXT,-1052728562,495,3,0,59.80874924163368
15,oval,MXT,-1052728562,500,3,3769,59.98011551105215
15,oval,MXT,-451518201,472,1,0,59.82652025295529
16,oval,MXT,-1052728562,518,3,3768,59.94513343389249
16,oval,MXT,-451518201,514,1,3838,57.21308928352209
17,oval,MXT,-451518201,518,1,0,59.981656953295364
17,oval,MXT,-1052728562,476,3,3850,59.95489784763306
18,oval,MXT,-451518201,467,1,3794,62.44860532897917
18,oval,MXT,-1052728562,513,3,3765,59.87535818131106
19,oval,MXT,-1052728562,513,3,3761,60.11478233736684
19,oval,MXT,-451518201,497,1,3797,59.873897763231795
20,oval,MXT,-451518201,484,0,3821,53.3109343454855
20,oval,MXT,-1052728562,496,3,3764,60.18239858369791
21,oval,MXT,-1052728562,488,3,3816,60.03817811247886
21,oval,MXT,-451518201,480,1,0,60.24884185650272
22,oval,MXT,-451518201,519,1,3791,60.15107698144696
22,oval,MXT,-1052728562,488,3,3758,59.8325853845253
23,oval,MXT,-1052728562,488,3,3780,59.93092751613521
23,oval,MXT,-451518201,495,0,0,48.55529460135585
24,oval,MXT,-1052728562,511,3,3762,59.94578422882442
24,oval,MXT,-451518201,494,1,3789,59.92388199149038
25,oval,MXT,-1052728562,514,3,3749,59.701933412163825
25,oval,MXT,-451518201,506,0,0,53.20982154275231
26,oval,MXT,-451518201,498,0,3790,53.14133110467898
26,oval,MXT,-1052728562,498,3,3831,59.71480023878623
27,oval,MXT,-1052728562,498,3,3753,59.75957391384027
27,oval,MXT,-451518201,504,1,3776,59.81279249185807
28,oval,MXT,-1052728562,474,3,3748,59.74081315085459
28,oval,MXT,-451518201,544,1,3774,60.10718528257796
29,oval,MXT,-1052728562,468,3,3742,60.09668303201315
29,oval,MXT,-451518201,481,1,3770,60.012023605558014
30,oval,MXT,-1052728562,469,3,3765,59.634759646226215
30,oval,MXT,-451518201,500,1,3768,59.674953161925416
1,oval,SKULL,1822904841,514,3,3778,60.45828156692778
1,oval,SKULL,-1151172088,490,0,4081,54.089306544289784
2,oval,SKULL,-1151172088,475,1,4071,59.832533983295
2,oval,SKULL,1822904841,490,3,3771,60.2455560464028
3,oval,SKULL,-1151172088,486,1,4061,60.05093415973548
3,oval,SKULL,1822904841,503,3,3767,60.18200231807672
4,oval,SKULL,-1151172088,491,1,4076,60.12015364375317
4,oval,SKULL,1822904841,485,3,3766,60.46740050318099
5,oval,SKULL,-1151172088,512,1,4061,60.37730498650753
5,oval,SKULL,1822904841,505,3,3760,60.346294814798526
6,oval,SKULL,1822904841,486,3,3757,60.48303801148851
6,oval,SKULL,-1151172088,500,1,0,59.829334072611154
7,oval,SKULL,1822904841,484,3,3754,60.316099250281376
7,oval,SKULL,-1151172088,489,1,4043,59.85298665720951
8,oval,SKULL,-1151172088,489,1,4040,62.794481681305726
8,oval,SKULL,1822904841,491,3,3771,60.4182086212222
9,oval,SKULL,1822904841,483,3,3750,60.344782168165054
9,oval,SKULL,-1151172088,486,1,4044,59.89458747242808
10,oval,SKULL,-1151172088,501,1,4035,60.07972812139637
10,oval,SKULL,1822904841,491,3,3785,60.43578491065566
11,oval,SKULL,1822904841,501,3,3748,60.28736485225515
11,oval,SKULL,-1151172088,476,1,0,59.67998568831932
12,oval,SKULL,-1151172088,484,1,4033,59.92548361882585
12,oval,SKULL,1822904841,492,3,3744,60.386476185053404
13,oval,SKULL,1822904841,519,3,3739,60.23319162948612
13,oval,SKULL,-1151172088,483,1,0,62.233325245979906
14,oval,SKULL,-1151172088,491,1,0,59.8541135184778
14,oval,SKULL,1822904841,511,3,3744,60.442992083160775
15,oval,SKULL,1822904841,493,3,3736,60.53490746395998
15,oval,SKULL,-1151172088,504,1,4017,60.00672065141392
16,oval,SKULL,1822904841,501,3,3731,60.45591764118878
16,oval,SKULL,-1151172088,477,1,4017,59.80937261964358
17,oval,SKULL,1822904841,501,3,3755,60.3784398045651
17,oval,SKULL,-1151172088,499,1,4010,59.8566753794732
18,oval,SKULL,1822904841,496,3,3756,60.3564597778218
18,oval,SKULL,-1151172088,502,1,4010,59.74291040084743
19,oval,SKULL,1822904841,496,3,3740,60.415948635502275
19,oval,SKULL,-1151172088,484,1,4007,59.881932575009856
20,oval,SKULL,-1151172088,491,1,0,60.22390603446149
20,oval,SKULL,1822904841,488,3,3724,60.261234625575256
21,oval,SKULL,1822904841,494,3,3723,60.35633419847001
21,oval,SKULL,-1151172088,502,1,4007,59.890534339250465
22,oval,SKULL,-1151172088,492,1,4043,59.649071574797844
22,oval,SKULL,1822904841,490,3,3741,60.45868052722335
23,oval,SKULL,-1151172088,496,1,3998,59.77775071138666
23,oval,SKULL,1822904841,497,3,0,60.26057599884255
24,oval,SKULL,-1151172088,491,1,0,60.27333775300997
24,oval,SKULL,1822904841,515,3,0,60.242241012012336
25,oval,SKULL,-1151172088,481,1,4002,59.552912154508135
25,oval,SKULL,1822904841,493,3,3715,60.41187918798018
26,oval,SKULL,-1151172088,500,1,4067,59.851898886149876
26,oval,SKULL,1822904841,501,3,3715,60.49377546381622
27,oval,SKULL,1822904841,492,3,3736,60.35217720212148
27,oval,SKULL,-1151172088,490,1,0,60.22296113983042
28,oval,SKULL,1822904841,503,3,3772,60.49545745868022
28,oval,SKULL,-1151172088,475,1,3982,60.158117146939524
29,oval,SKULL,1822904841,486,3,0,60.33101840242987
29,oval,SKULL,-1151172088,481,1,0,59.765167585998746
30,oval,SKULL,1822904841,508,3,0,60.23534791276769
30,oval,SKULL,-1151172088,490,1,3993,59.87585949677636
1,oval,CHARGER,725373961,482,0,3946,53.01116997053297
1,oval,CHARGER,623596553,519,1,4048,61.21552786086299
2,oval,CHARGER,725373961,520,3,3912,60.687834774684724
2,oval,CHARGER,623596553,491,1,4116,60.75078860339395
3,oval,CHARGER,725373961,491,3,3907,60.688361425245645
3,oval,CHARGER,623596553,482,1,4039,60.859786054443795
4,oval,CHARGER,725373961,518,3,3902,60.546681487007916
4,oval,CHARGER,623596553,498,1,4028,60.44819806518802
5,oval,CHARGER,623596553,503,1,4022,60.59022507724637
5,oval,CHARGER,725373961,486,3,0,60.59734021076823
6,oval,CHARGER,725373961,488,3,3893,60.49812189906578
6,oval,CHARGER,623596553,495,1,4016,60.44846416675504
7,oval,CHARGER,725373961,517,3,3890,60.54448526602088
7,oval,CHARGER,623596553,497,1,0,60.58933132408438
8,oval,CHARGER,623596553,482,1,4008,60.3756946062447
8,oval,CHARGER,725373961,518,3,3893,60.41127615442637
9,oval,CHARGER,725373961,477,3,3896,60.5014435939852
9,oval,CHARGER,623596553,481,1,0,60.818140100481024
10,oval,CHARGER,725373961,494,3,3883,60.480211682771554
10,oval,CHARGER,623596553,497,1,4002,60.608884866499224
11,oval,CHARGER,623596553,507,1,3998,60.62711002289446
11,oval,CHARGER,725373961,510,3,0,60.69046117474839
12,oval,CHARGER,623596553,479,1,4049,60.65267107692657
12,oval,CHARGER,725373961,522,3,3872,60.70071409633276
13,oval,CHARGER,725373961,521,3,3866,60.70755703341562
13,oval,CHARGER,623596553,484,1,4006,60.49058479975698
14,oval,CHARGER,623596553,474,1,4007,60.7061776782547
14,oval,CHARGER,725373961,481,3,3865,60.72423943984201
15,oval,CHARGER,725373961,504,3,0,60.655052016789604
15,oval,CHARGER,623596553,496,1,3987,60.384008002157756
16,oval,CHARGER,725373961,514,3,3860,60.65040488821048
16,oval,CHARGER,623596553,487,1,4015,60.69600115823721
17,oval,CHARGER,725373961,510,3,3871,60.49569990607888
17,oval,CHARGER,623596553,490,1,3981,60.74093058886132
18,oval,CHARGER,725373961,501,3,3909,60.5250839689168
18,oval,CHARGER,623596553,481,1,3979,60.148789604449135
19,oval,CHARGER,623596553,481,1,4031,57.86964499708331
19,oval,CHARGER,725373961,476,3,3851,60.47443576809949
20,oval,CHARGER,623596553,491,1,3973,61.36890473647611
20,oval,CHARGER,725373961,530,3,3846,60.43647781435461
21,oval,CHARGER,725373961,523,3,0,60.8525387829353
21,oval,CHARGER,623596553,495,1,3970,60.444636538166186
22,oval,CHARGER,725373961,509,3,3894,60.49493354928035
22,oval,CHARGER,623596553,475,1,3965,60.47862894552979
23,oval,CHARGER,725373961,504,3,3837,60.5615375520764
23,oval,CHARGER,623596553,475,1,4000,60.81000689368358
24,oval,CHARGER,725373961,507,3,3869,60.78472167253697
24,oval,CHARGER,623596553,505,1,3963,60.30170367714042
25,oval,CHARGER,623596553,474,1,3957,60.3760855961426
25,oval,CHARGER,725373961,485,3,3856,60.65376343780766
26,oval,CHARGER,725373961,492,3,3853,60.804652501275996
26,oval,CHARGER,623596553,468,1,3955,57.69219526868193
27,oval,CHARGER,725373961,524,3,3828,60.37329976907132
27,oval,CHARGER,623596553,486,1,3956,60.803348435533316
28,oval,CHARGER,623596553,485,1,4032,60.26577771305112
28,oval,CHARGER,725373961,512,3,3837,60.42873046015976
29,oval,CHARGER,725373961,503,3,3822,60.762249474610414
29,oval,CHARGER,623596553,514,1,0,60.5955576173552
30,oval,CHARGER,725373961,513,3,3819,60.5546757527256
30,oval,CHARGER,623596553,482,1,3948,60.62352073480372
1,oval,FREEHWEEL,1386762514,489,0,3998,52.85331911083431
1,oval,X52,-1986650099,517,3,0,61.35868946423577
2,oval,FREEHWEEL,1386762514,481,1,3918,59.62210306025338
2,oval,X52,-1986650099,493,3,3847,61.01587356247499
3,oval,FREEHWEEL,1386762514,482,1,3915,59.54289526555389
3,oval,X52,-1986650099,496,3,3842,61.612247910326005
4,oval,FREEHWEEL,1386762514,489,1,3913,59.59197439612277
4,oval,X52,-1986650099,491,3,3839,60.98826735408702
5,oval,FREEHWEEL,1386762514,488,1,3911,59.61177227835034
5,oval,X52,-1986650099,476,3,3837,61.43960358297893
6,oval,X52,-1986650099,517,3,3833,61.1799245535727
6,oval,FREEHWEEL,1386762514,516,1,3910,59.87222627527554
7,oval,X52,-1986650099,491,3,3834,61.23922443211882
7,oval,FREEHWEEL,1386762514,506,1,3909,59.812436120863296
8,oval,FREEHWEEL,1386762514,494,1,0,59.660417215305415
8,oval,X52,-1986650099,489,3,0,61.006622944795296
9,oval,X52,-1986650099,507,3,3828,61.307126093496095
9,oval,FREEHWEEL,1386762514,493,1,3902,59.20867853191676
10,oval,FREEHWEEL,1386762514,518,1,3898,59.84493333340928
10,oval,X52,-1986650099,486,3,3861,61.21419962590183
11,oval,X52,-1986650099,470,3,3882,61.12853314819588
11,oval,FREEHWEEL,1386762514,493,1,3898,59.395569315014804
12,oval,X52,-1986650099,478,3,3823,61.241613645257644
12,oval,FREEHWEEL,1386762514,492,1,3903,59.8748466344487
13,oval,FREEHWEEL,1386762514,491,1,3895,59.8064103738797
13,oval,X52,-1986650099,504,3,3819,61.14990219017274
14,oval,X52,-1986650099,516,3,3821,61.539040988816325
14,oval,FREEHWEEL,1386762514,490,1,0,59.769656080471506
15,oval,X52,-1986650099,496,3,3817,61.29620288308828
15,oval,FREEHWEEL,1386762514,493,1,3890,59.570944725909364
16,oval,X52,-1986650099,503,3,3825,61.30302109891507
16,oval,FREEHWEEL,1386762514,489,1,3889,59.57624671694284
17,oval,FREEHWEEL,1386762514,476,1,3893,59.49893635202842
17,oval,X52,-1986650099,489,3,3823,61.19302666570604
18,oval,FREEHWEEL,1386762514,535,1,3908,60.136491983904214
18,oval,X52,-1986650099,478,3,0,60.937932161128764
19,oval,X52,-1986650099,481,3,3817,61.09976281877746
19,oval,FREEHWEEL,1386762514,494,1,0,59.31644474017783
20,oval,FREEHWEEL,1386762514,515,1,3884,59.64189275773872
20,oval,X52,-1986650099,504,3,3847,61.2253405874951
21,oval,FREEHWEEL,1386762514,514,1,0,59.48943455671612
21,oval,X52,-1986650099,492,3,3807,61.19184014698023
22,oval,X52,-1986650099,482,3,3829,61.035585133131555
22,oval,FREEHWEEL,1386762514,499,1,0,59.79754884203394
23,oval,FREEHWEEL,1386762514,503,1,3873,59.54540955361083
23,oval,X52,-1986650099,472,3,0,61.15130420849425
24,oval,FREEHWEEL,1386762514,505,1,3881,60.0724224148075
24,oval,X52,-1986650099,491,3,3803,61.23470883556713
25,oval,X52,-1986650099,511,3,3799,61.04797295896809
25,oval,FREEHWEEL,1386762514,516,1,3871,59.404329578894874
26,oval,FREEHWEEL,1386762514,483,1,3867,59.540737097671595
26,oval,X52,-1986650099,482,3,3799,61.252700894712575
27,oval,FREEHWEEL,1386762514,494,1,3874,59.79617038403205
27,oval,X52,-1986650099,513,3,3797,61.2352759108914
28,oval,X52,-1986650099,475,3,3794,61.08314472769373
28,oval,FREEHWEEL,1386762514,505,1,0,59.41451681597205
29,oval,X52,-1986650099,495,3,3882,61.13266460110138
29,oval,FREEHWEEL,1386762514,498,1,3862,60.09336923274009
30,oval,X52,-1986650099,500,3,3791,61.01093462673113
30,oval,FREEHWEEL,1386762514,516,1,3862,59.68100361352602
1,oval,GROUNDSHOCK,726831624,268,1,3495,29.973355281614783
1,oval,GROUNDSHOCK,1370906631,239,3,3748,29.950372438833035
2,oval,GROUNDSHOCK,726831624,247,0,0,26.27004621013956
2,oval,GROUNDSHOCK,1370906631,259,3,3777,30.011765856397318
3,oval,GROUNDSHOCK,726831624,241,1,3483,29.979840832990327
3,oval,GROUNDSHOCK,1370906631,244,0,3742,26.26372392669453
4,oval,GROUNDSHOCK,726831624,254,1,0,30.68978464021357
4,oval,GROUNDSHOCK,1370906631,243,3,0,30.012577762324486
5,oval,GROUNDSHOCK,1370906631,242,0,3747,26.477554420605706
5,oval,GROUNDSHOCK,726831624,245,1,3487,29.8997986903721
6,oval,GROUNDSHOCK,726831624,251,1,3472,29.927889377343128
6,oval,GROUNDSHOCK,1370906631,234,3,3729,29.942750711181777
7,oval,GROUNDSHOCK,1370906631,247,3,3723,30.081805846141446
7,oval,GROUNDSHOCK,726831624,247,1,3472,29.342896423886422
8,oval,GROUNDSHOCK,1370906631,247,3,0,29.954531594886372
8,oval,GROUNDSHOCK,726831624,246,1,3467,30.012204791555867
9,oval,GROUNDSHOCK,1370906631,243,3,3721,30.159096099450153
9,oval,GROUNDSHOCK,726831624,250,1,3463,30.223094391320757
10,oval,GROUNDSHOCK,726831624,258,1,3456,29.925719232193707
10,oval,GROUNDSHOCK,1370906631,253,3,3716,29.97556488854399
11,oval,GROUNDSHOCK,1370906631,251,0,3713,26.274168455834253
11,oval,GROUNDSHOCK,726831624,243,1,3470,29.879729428264703
12,oval,GROUNDSHOCK,1370906631,236,3,3715,29.96715412941691
12,oval,GROUNDSHOCK,726831624,259,1,3450,30.42394710725721
13,oval,GROUNDSHOCK,726831624,251,1,3446,29.835196295985135
13,oval,GROUNDSHOCK,1370906631,251,3,3707,29.99176514634764
14,oval,GROUNDSHOCK,1370906631,252,3,3746,29.96838228380002
14,oval,GROUNDSHOCK,726831624,250,1,3460,29.96188609262016
15,oval,GROUNDSHOCK,1370906631,239,3,3712,30.002877994666754
15,oval,GROUNDSHOCK,726831624,252,1,3439,29.944025419422257
16,oval,GROUNDSHOCK,1370906631,266,3,3705,29.946200503782137
16,oval,GROUNDSHOCK,726831624,257,1,0,29.886900212405084
17,oval,GROUNDSHOCK,726831624,252,1,3464,30.173654193600875
17,oval,GROUNDSHOCK,1370906631,242,3,0,29.99513041672438
18,oval,GROUNDSHOCK,1370906631,253,3,3698,29.921149748403035
18,oval,GROUNDSHOCK,726831624,255,1,3504,29.954963511990854
19,oval,GROUNDSHOCK,726831624,244,1,3418,30.11777063641673
19,oval,GROUNDSHOCK,1370906631,256,3,3705,29.93215871074173
20,oval,GROUNDSHOCK,1370906631,250,3,0,29.955799761294145
20,oval,GROUNDSHOCK,726831624,251,1,3418,30.6246699806987
21,oval,GROUNDSHOCK,726831624,253,1,3407,29.3968375211725
21,oval,GROUNDSHOCK,1370906631,250,3,3701,29.9625111683787
22,oval,GROUNDSHOCK,726831624,245,1,3411,29.922682810554612
22,oval,GROUNDSHOCK,1370906631,243,3,3690,29.933104703349308
23,oval,GROUNDSHOCK,726831624,250,1,3427,30.79530549703121
23,oval,GROUNDSHOCK,1370906631,244,3,0,29.91211302042391
24,oval,GROUNDSHOCK,1370906631,260,3,3686,30.01968942848913
24,oval,GROUNDSHOCK,726831624,253,1,0,29.90914756781853
25,oval,GROUNDSHOCK,726831624,250,1,3387,29.94786535847436
25,oval,GROUNDSHOCK,1370906631,252,3,3684,29.958266933539914
26,oval,GROUNDSHOCK,1370906631,252,3,3686,29.99247970223334
26,oval,GROUNDSHOCK,726831624,254,1,3375,30.794651991279856
1,oval,MXT,-451518201,274,3,3792,30.145525148764342
1,oval,MXT,-1052728562,261,1,3763,29.91306566745174
2,oval,MXT,-451518201,259,3,3768,30.20540308996356
2,oval,MXT,-1052728562,239,1,3749,29.951676081018785
3,oval,MXT,-1052728562,234,0,3750,25.01143896236298
3,oval,MXT,-451518201,265,3,3769,30.2293544577198
4,oval,MXT,-1052728562,245,1,3737,30.075325864988326
4,oval,MXT,-451518201,257,3,3759,30.18773734345661
5,oval,MXT,-1052728562,254,1,3732,30.06256536708559
5,oval,MXT,-451518201,237,0,3753,26.25039641128557
6,oval,MXT,-1052728562,243,1,3792,30.324944691886696
6,oval,MXT,-451518201,264,3,3751,30.164957777469642
7,oval,MXT,-451518201,259,3,3744,30.130719883602232
7,oval,MXT,-1052728562,253,1,3732,29.614551311202522
8,oval,MXT,-451518201,262,3,3741,30.17339563974653
8,oval,MXT,-1052728562,243,1,3727,30.504747888305452
9,oval,MXT,-1052728562,251,1,3735,29.933280309100404
9,oval,MXT,-451518201,247,0,3739,26.391784000737946
10,oval,MXT,-451518201,261,3,3742,30.207412988730418
10,oval,MXT,-1052728562,245,1,3720,29.831484895786957
11,oval,MXT,-451518201,250,0,0,26.40474005002875
11,oval,MXT,-1052728562,269,1,3725,30.0787759839605
12,oval,MXT,-1052728562,250,1,3723,29.101125664432757
12,oval,MXT,-451518201,259,3,3729,30.142161675708202
13,oval,MXT,-451518201,258,3,3726,30.11858803698608
13,oval,MXT,-1052728562,253,1,3713,30.51971905599223
14,oval,MXT,-451518201,263,3,3723,30.105211887166053
14,oval,MXT,-1052728562,261,1,3720,28.93466666017582
15,oval,MXT,-1052728562,257,1,3709,29.442431917388948
15,oval,MXT,-451518201,261,3,3821,30.157677304984624
16,oval,MXT,-1052728562,249,1,3707,30.24895655750659
16,oval,MXT,-451518201,250,0,3716,26.530061751833212
17,oval,MXT,-1052728562,245,1,0,29.916041793794108
17,oval,MXT,-451518201,259,3,0,30.17584112139614
18,oval,MXT,-1052728562,256,0,3704,24.68097143558018
18,oval,MXT,-451518201,258,3,3761,30.085934263770042
19,oval,MXT,-1052728562,246,1,3758,29.59924402876998
19,oval,MXT,-451518201,254,3,3717,30.124630055656855
20,oval,MXT,-451518201,268,3,3699,30.190826570590424
20,oval,MXT,-1052728562,259,1,3706,29.257733583398814
21,oval,MXT,-1052728562,247,1,3709,30.085289569914988
21,oval,MXT,-451518201,254,3,0,30.089008687187185
22,oval,MXT,-1052728562,264,1,3695,29.463164261188354
22,oval,MXT,-451518201,270,3,3715,30.176666271243157
23,oval,MXT,-1052728562,250,1,3701,30.21460813951915
23,oval,MXT,-451518201,242,0,3707,26.33685013531846
24,oval,MXT,-451518201,266,3,3702,30.17429988005976
24,oval,MXT,-1052728562,256,1,3694,30.80310190039146
25,oval,MXT,-1052728562,252,1,3687,29.869782178755585
25,oval,MXT,-451518201,268,3,0,30.13571473452862
26,oval,MXT,-1052728562,261,1,3688,29.54939582502936
26,oval,MXT,-451518201,266,3,3685,30.15783699036164
27,oval,MXT,-451518201,267,3,3681,30.173102924362258
27,oval,MXT,-1052728562,240,1,3687,30.076010982079055
28,oval,MXT,-451518201,263,3,3677,30.164010479959025
28,oval,MXT,-1052728562,261,1,3683,29.409740833831872
29,oval,MXT,-1052728562,259,1,3703,29.113308007830323
29,oval,MXT,-451518201,263,3,3678,30.171618746541707
30,oval,MXT,-451518201,267,3,3672,30.19014857208125
30,oval,MXT,-1052728562,258,1,3680,30.494069330170817
1,figure-8,CHARGER,623596553,514,1,0,55.12465157354394
1,figure-8,CHARGER,725373961,537,3,3819,55.851661553543934
2,figure-8,CHARGER,623596553,478,1,3933,55.25666512413075
2,figure-8,CHARGER,725373961,477,3,3730,55.646456935979685
3,figure-8,CHARGER,725373961,480,3,0,55.59840264899029
3,figure-8,CHARGER,623596553,487,1,3927,55.25413020044413
4,figure-8,CHARGER,725373961,498,3,3721,55.548247654891824
4,figure-8,CHARGER,623596553,478,1,0,55.19890374472719
5,figure-8,CHARGER,623596553,481,1,3912,55.12500619356791
5,figure-8,CHARGER,725373961,489,3,3773,55.5172598423342
6,figure-8,CHARGER,725373961,495,3,3709,55.60170559421826
6,figure-8,CHARGER,623596553,492,1,3916,55.18553602556533
7,figure-8,CHARGER,623596553,492,1,3907,55.153383376952135
7,figure-8,CHARGER,725373961,500,0,3712,50.51491066485435
8,figure-8,CHARGER,623596553,488,1,3901,55.000223737855286
8,figure-8,CHARGER,725373961,501,0,3704,50.72569082698562
9,figure-8,CHARGER,725373961,497,3,3736,55.481059322222606
9,figure-8,CHARGER,623596553,477,1,3889,55.11115092574565
10,figure-8,CHARGER,623596553,499,1,3884,55.62131767713886
10,figure-8,CHARGER,725373961,513,3,3710,55.555406326363126
11,figure-8,CHARGER,623596553,478,1,3895,55.12733245654393
11,figure-8,CHARGER,725373961,482,3,3687,55.53536104003508
12,figure-8,CHARGER,725373961,482,0,3691,50.8078072560383
12,figure-8,CHARGER,623596553,478,1,0,55.182674786084014
13,figure-8,CHARGER,623596553,508,1,3869,55.1772385059707
13,figure-8,CHARGER,725373961,536,3,3682,55.490166022984916
14,figure-8,CHARGER,725373961,489,0,3678,50.73255587107621
14,figure-8,CHARGER,623596553,494,1,3865,55.04101104258251
15,figure-8,CHARGER,725373961,468,3,3672,55.62318746782901
15,figure-8,CHARGER,623596553,484,1,3862,55.218697891564084
16,figure-8,CHARGER,623596553,494,1,3854,54.1151992965738
16,figure-8,CHARGER,725373961,514,3,3689,55.53716060283656
17,figure-8,CHARGER,725373961,490,3,3663,55.56096376978971
17,figure-8,CHARGER,623596553,477,1,3876,54.96559894301598
18,figure-8,CHARGER,725373961,481,3,3659,55.542279248905174
18,figure-8,CHARGER,623596553,486,1,3851,55.22585698337911
19,figure-8,CHARGER,623596553,509,1,3852,55.10002684992281
19,figure-8,CHARGER,725373961,474,3,3690,55.50550464738479
20,figure-8,CHARGER,725373961,495,0,3657,50.41624957665105
20,figure-8,CHARGER,623596553,487,1,3840,55.07162649914034
